{"_timestamp":1.7310266114921052e+09,"_wandb":{"runtime":11},"_runtime":2.92354556,"_step":0,"loss":0.9961826205253601}