{"_step":0,"loss":0.9961826205253601,"_timestamp":1.7310260809011254e+09,"_runtime":3.049181783,"_wandb":{"runtime":12}}