{"loss":0.047705016983505856,"_timestamp":1.7310247803785899e+09,"_runtime":3415.623893755,"_step":39,"_wandb":{"runtime":3443}}