{"_timestamp":1.7310259387009435e+09,"_runtime":2.9106303479999998,"_step":0,"_wandb":{"runtime":27},"loss":0.9961826205253601}