{"_step":0,"loss":0.9961826205253601,"_timestamp":1.731027900603278e+09,"_wandb":{"runtime":11},"_runtime":2.940078362}