{"_wandb":{"runtime":21},"_step":0,"loss":0.9961826205253601,"_timestamp":1.7310333266387718e+09,"_runtime":3.021043757}