{"loss":0.9961826205253601,"_timestamp":1.7310272765827827e+09,"_runtime":3.149058486,"_step":0,"_wandb":{"runtime":12}}