{"_timestamp":1.731021295448792e+09,"_runtime":3.8567077149999998,"_step":0,"_wandb":{"runtime":32},"loss":0.9953786730766296}