{"_step":10,"loss":0.11854148278204532,"_timestamp":1.7310211871140635e+09,"_wandb":{"runtime":429},"_runtime":417.381730861}