{"_step":0,"loss":0.9961826205253601,"_timestamp":1.731032748044487e+09,"_runtime":2.917038874,"_wandb":{"runtime":24}}