{"_wandb":{"runtime":17},"_step":0,"loss":0.9961825609207153,"_timestamp":1.7310260125499501e+09,"_runtime":2.990825517}