{"_wandb":{"runtime":11},"loss":0.9961826205253601,"_timestamp":1.7310274364235497e+09,"_runtime":2.9668215079999998,"_step":0}