{"_runtime":344.391859712,"_step":4,"loss":0.2283299596552874,"_wandb":{"runtime":410},"_timestamp":1.7310257822069411e+09}